date,name,value
2021-01-01,AED,4.472405
2021-01-01,AFN,94.449471
2021-01-01,ALL,123.367457
2021-01-01,AMD,636.293426
2021-01-01,ANG,2.196411
2021-01-01,AOA,796.489873
2021-01-01,ARS,103.634513
2021-01-01,AUD,1.582666
2021-01-01,AWG,2.191636
2021-01-01,AZN,2.074713
2021-01-01,BAM,1.949626
2021-01-01,BBD,2.470539
2021-01-01,BDT,103.577925
2021-01-01,BGN,1.951049
2021-01-01,BHD,0.459039
2021-01-01,BIF,2374.155675
2021-01-01,BMD,1.217576
2021-01-01,BND,1.616955
2021-01-01,BOB,8.424494
2021-01-01,BRL,6.323363
2021-01-01,BSD,1.223607
2021-01-01,BTC,4.148895e-05
2021-01-01,BTN,89.405122
2021-01-01,BWP,13.221032
2021-01-01,BYN,3.197027
2021-01-01,BYR,23864.485606
2021-01-01,BZD,2.466452
2021-01-01,CAD,1.551131
2021-01-01,CDF,2399.842335
2021-01-01,CHF,1.083734
2021-01-01,CLF,0.031352
2021-01-01,CLP,865.092367
2021-01-01,CNY,7.954472
2021-01-01,COP,4166.544375
2021-01-01,CRC,746.883492
2021-01-01,CUC,1.217576
2021-01-01,CUP,32.265759
2021-01-01,CVE,109.915261
2021-01-01,CZK,26.141601
2021-01-01,DJF,216.38805
2021-01-01,DKK,7.418573
2021-01-01,DOP,71.140638
2021-01-01,DZD,160.804337
2021-01-01,EGP,19.289571
2021-01-01,ERN,18.264073
2021-01-01,ETB,48.157468
2021-01-01,EUR,1
2021-01-01,FJD,2.482886
2021-01-01,FKP,0.893125
2021-01-01,GBP,0.890496
2021-01-01,GEL,3.999785
2021-01-01,GGP,0.893125
2021-01-01,GHS,7.182546
2021-01-01,GIP,0.893125
2021-01-01,GMD,62.961319
2021-01-01,GNF,12229.885733
2021-01-01,GTQ,9.537951
2021-01-01,GYD,255.995448
2021-01-01,HKD,9.44017
2021-01-01,HNL,29.502127
2021-01-01,HRK,7.523893
2021-01-01,HTG,88.876205
2021-01-01,HUF,361.523078
2021-01-01,IDR,17306.247832
2021-01-01,ILS,3.912096
2021-01-01,IMP,0.893125
2021-01-01,INR,88.995355
2021-01-01,IQD,1787.681776
2021-01-01,IRR,51266.029328
2021-01-01,ISK,155.618833
2021-01-01,JEP,0.893125
2021-01-01,JMD,174.975246
2021-01-01,JOD,0.863309
2021-01-01,JPY,125.702994
2021-01-01,KES,133.617236
2021-01-01,KGS,101.672207
2021-01-01,KHR,4940.878621
2021-01-01,KMF,490.683473
2021-01-01,KPW,1095.847406
2021-01-01,KRW,1321.959036
2021-01-01,KWD,0.370326
2021-01-01,KYD,1.019656
2021-01-01,KZT,515.679161
2021-01-01,LAK,11373.41095
2021-01-01,LBP,1850.113126
2021-01-01,LKR,226.672252
2021-01-01,LRD,200.017312
2021-01-01,LSL,17.886653
2021-01-01,LTL,3.595185
2021-01-01,LVL,0.7365
2021-01-01,LYD,1.636892
2021-01-01,MAD,10.869415
2021-01-01,MDL,21.026396
2021-01-01,MGA,4675.49148
2021-01-01,MKD,61.419569
2021-01-01,MMK,1624.942995
2021-01-01,MNT,3470.081744
2021-01-01,MOP,9.770611
2021-01-01,MRO,434.67435
2021-01-01,MUR,48.342317
2021-01-01,MVR,18.755222
2021-01-01,MWK,943.20083
2021-01-01,MXN,24.20809
2021-01-01,MYR,4.897703
2021-01-01,MZN,91.200971
2021-01-01,NAD,17.886648
2021-01-01,NGN,464.144431
2021-01-01,NIO,42.642316
2021-01-01,NOK,10.511345
2021-01-01,NPR,143.047836
2021-01-01,NZD,1.851356
2021-01-01,OMR,0.468729
2021-01-01,PAB,1.223607
2021-01-01,PEN,4.429406
2021-01-01,PGK,4.351354
2021-01-01,PHP,58.559355
2021-01-01,PKR,196.020981
2021-01-01,PLN,4.5705
2021-01-01,PYG,8463.370406
2021-01-01,QAR,4.433498
2021-01-01,RON,4.849731
2021-01-01,RSD,117.192125
2021-01-01,RUB,90.033689
2021-01-01,RWF,1212.601624
2021-01-01,SAR,4.567229
2021-01-01,SBD,9.743101
2021-01-01,SCR,25.81785
2021-01-01,SDG,67.271516
2021-01-01,SEK,10.068488
2021-01-01,SGD,1.609153
2021-01-01,SHP,0.893125
2021-01-01,SLL,12317.61001
2021-01-01,SOS,709.847101
2021-01-01,SRD,17.233614
2021-01-01,STD,25368.025331
2021-01-01,SVC,10.706932
2021-01-01,SYP,624.40408
2021-01-01,SZL,17.953274
2021-01-01,THB,36.512709
2021-01-01,TJS,13.860298
2021-01-01,TMT,4.261515
2021-01-01,TND,3.280763
2021-01-01,TOP,2.768829
2021-01-01,TRY,9.057795
2021-01-01,TTD,8.273774
2021-01-01,TWD,34.176181
2021-01-01,TZS,2822.99458
2021-01-01,UAH,34.670781
2021-01-01,UGX,4473.465881
2021-01-01,USD,1.217576
2021-01-01,UYU,51.586856
2021-01-01,UZS,12819.579387
2021-01-01,VEF,12.160543
2021-01-01,VND,28101.649376
2021-01-01,VUV,132.420866
2021-01-01,WST,3.097479
2021-01-01,XAF,653.876431
2021-01-01,XAG,0.046289
2021-01-01,XAU,0.000643
2021-01-01,XCD,3.29056
2021-01-01,XDR,0.849597
2021-01-01,XOF,653.876431
2021-01-01,XPF,119.38375
2021-01-01,YER,304.88536
2021-01-01,ZAR,17.852821
2021-01-01,ZMK,10959.647632
2021-01-01,ZMW,25.903677
2021-01-01,ZWL,392.059632
2021-01-02,AED,4.457433
2021-01-02,AFN,94.133289
2021-01-02,ALL,122.954468
2021-01-02,AMD,634.163347
2021-01-02,ANG,2.189058
2021-01-02,AOA,793.823514
2021-01-02,ARS,103.287582
2021-01-02,AUD,1.577368
2021-01-02,AWG,2.1843
2021-01-02,AZN,2.067767
2021-01-02,BAM,1.9431
2021-01-02,BBD,2.462269
2021-01-02,BDT,103.231184
2021-01-02,BGN,1.944517
2021-01-02,BHD,0.457503
2021-01-02,BIF,2366.207863
2021-01-02,BMD,1.2135
2021-01-02,BND,1.611542
2021-01-02,BOB,8.396292
2021-01-02,BRL,6.302195
2021-01-02,BSD,1.21951
2021-01-02,BTC,3.7652232e-05
2021-01-02,BTN,89.105826
2021-01-02,BWP,13.176773
2021-01-02,BYN,3.186325
2021-01-02,BYR,23784.595964
2021-01-02,BZD,2.458195
2021-01-02,CAD,1.545939
2021-01-02,CDF,2391.808533
2021-01-02,CHF,1.080106
2021-01-02,CLF,0.031247
2021-01-02,CLP,862.196351
2021-01-02,CNY,7.927843
2021-01-02,COP,4152.596295
2021-01-02,CRC,744.383197
2021-01-02,CUC,1.2135
2021-01-02,CUP,32.157745
2021-01-02,CVE,109.547304
2021-01-02,CZK,26.054088
2021-01-02,DJF,215.663661
2021-01-02,DKK,7.393738
2021-01-02,DOP,70.902485
2021-01-02,DZD,160.266022
2021-01-02,EGP,19.224997
2021-01-02,ERN,18.202931
2021-01-02,ETB,47.996254
2021-01-02,EUR,1
2021-01-02,FJD,2.474574
2021-01-02,FKP,0.887288
2021-01-02,GBP,0.887515
2021-01-02,GEL,3.986396
2021-01-02,GGP,0.887288
2021-01-02,GHS,7.158501
2021-01-02,GIP,0.887288
2021-01-02,GMD,62.750547
2021-01-02,GNF,12188.944511
2021-01-02,GTQ,9.506022
2021-01-02,GYD,255.138468
2021-01-02,HKD,9.408568
2021-01-02,HNL,29.403365
2021-01-02,HRK,7.498706
2021-01-02,HTG,88.57868
2021-01-02,HUF,360.312829
2021-01-02,IDR,17248.312792
2021-01-02,ILS,3.899
2021-01-02,IMP,0.887288
2021-01-02,INR,88.697431
2021-01-02,IQD,1781.697266
2021-01-02,IRR,51094.409257
2021-01-02,ISK,155.097877
2021-01-02,JEP,0.887288
2021-01-02,JMD,174.389493
2021-01-02,JOD,0.860419
2021-01-02,JPY,125.282186
2021-01-02,KES,133.169934
2021-01-02,KGS,101.331846
2021-01-02,KHR,4924.338351
2021-01-02,KMF,489.040842
2021-01-02,KPW,1092.149903
2021-01-02,KRW,1317.533597
2021-01-02,KWD,0.369086
2021-01-02,KYD,1.016242
2021-01-02,KZT,513.952854
2021-01-02,LAK,11335.336895
2021-01-02,LBP,1843.919618
2021-01-02,LKR,225.913435
2021-01-02,LRD,199.347726
2021-01-02,LSL,17.826775
2021-01-02,LTL,3.58315
2021-01-02,LVL,0.734034
2021-01-02,LYD,1.631412
2021-01-02,MAD,10.833028
2021-01-02,MDL,20.956007
2021-01-02,MGA,4659.83963
2021-01-02,MKD,61.213959
2021-01-02,MMK,1619.503275
2021-01-02,MNT,3458.537837
2021-01-02,MOP,9.737902
2021-01-02,MRO,433.219218
2021-01-02,MUR,48.180484
2021-01-02,MVR,18.692437
2021-01-02,MWK,940.043336
2021-01-02,MXN,24.12705
2021-01-02,MYR,4.881308
2021-01-02,MZN,90.895663
2021-01-02,NAD,17.82677
2021-01-02,NGN,462.590644
2021-01-02,NIO,42.499565
2021-01-02,NOK,10.476156
2021-01-02,NPR,142.568964
2021-01-02,NZD,1.845158
2021-01-02,OMR,0.467159
2021-01-02,PAB,1.21951
2021-01-02,PEN,4.414578
2021-01-02,PGK,4.336788
2021-01-02,PHP,58.363319
2021-01-02,PKR,195.364774
2021-01-02,PLN,4.555199
2021-01-02,PYG,8435.038112
2021-01-02,QAR,4.418657
2021-01-02,RON,4.833496
2021-01-02,RSD,116.799808
2021-01-02,RUB,89.732289
2021-01-02,RWF,1208.542273
2021-01-02,SAR,4.551939
2021-01-02,SBD,9.710484
2021-01-02,SCR,25.731421
2021-01-02,SDG,67.046315
2021-01-02,SEK,10.034782
2021-01-02,SGD,1.603766
2021-01-02,SHP,0.887288
2021-01-02,SLL,12276.375119
2021-01-02,SOS,707.470791
2021-01-02,SRD,17.175922
2021-01-02,STD,25283.102384
2021-01-02,SVC,10.671089
2021-01-02,SYP,622.313801
2021-01-02,SZL,17.893173
2021-01-02,THB,36.390478
2021-01-02,TJS,13.813899
2021-01-02,TMT,4.247249
2021-01-02,TND,3.26978
2021-01-02,TOP,2.75956
2021-01-02,TRY,9.027472
2021-01-02,TTD,8.246076
2021-01-02,TWD,34.061772
2021-01-02,TZS,2813.544218
2021-01-02,UAH,34.554716
2021-01-02,UGX,4458.49034
2021-01-02,USD,1.2135
2021-01-02,UYU,51.414162
2021-01-02,UZS,12776.664085
2021-01-02,VEF,12.119834
2021-01-02,VND,28007.575247
2021-01-02,VUV,131.864293
2021-01-02,WST,3.094623
2021-01-02,XAF,651.68749
2021-01-02,XAG,0.046135
2021-01-02,XAU,0.000641
2021-01-02,XCD,3.279544
2021-01-02,XDR,0.846753
2021-01-02,XOF,651.68749
2021-01-02,XPF,118.984097
2021-01-02,YER,303.864714
2021-01-02,ZAR,17.793056
2021-01-02,ZMK,10922.958707
2021-01-02,ZMW,25.816961
2021-01-02,ZWL,390.747159
2021-01-03,AED,4.499378
2021-01-03,AFN,95.026722
2021-01-03,ALL,124.121447
2021-01-03,AMD,640.18169
2021-01-03,ANG,2.209835
2021-01-03,AOA,801.357065
2021-01-03,ARS,103.29454
2021-01-03,AUD,1.588516
2021-01-03,AWG,2.205031
2021-01-03,AZN,2.014565
2021-01-03,BAM,1.961542
2021-01-03,BBD,2.485638
2021-01-03,BDT,104.210967
2021-01-03,BGN,1.962973
2021-01-03,BHD,0.461845
2021-01-03,BIF,2388.665898
2021-01-03,BMD,1.225017
2021-01-03,BND,1.626837
2021-01-03,BOB,8.475982
2021-01-03,BRL,6.362004
2021-01-03,BSD,1.231085
2021-01-03,BTC,3.7602181e-05
2021-01-03,BTN,89.951543
2021-01-03,BWP,13.301836
2021-01-03,BYN,3.216567
2021-01-03,BYR,24010.339146
2021-01-03,BZD,2.481526
2021-01-03,CAD,1.558614
2021-01-03,CDF,2414.50964
2021-01-03,CHF,1.081861
2021-01-03,CLF,0.031543
2021-01-03,CLP,870.374421
2021-01-03,CNY,8.003004
2021-01-03,COP,4192.009212
2021-01-03,CRC,751.44825
2021-01-03,CUC,1.225017
2021-01-03,CUP,32.462959
2021-01-03,CVE,110.587034
2021-01-03,CZK,26.244465
2021-01-03,DJF,217.710249
2021-01-03,DKK,7.441147
2021-01-03,DOP,71.575431
2021-01-03,DZD,161.787131
2021-01-03,EGP,19.224958
2021-01-03,ERN,18.375545
2021-01-03,ETB,48.451794
2021-01-03,EUR,1
2021-01-03,FJD,2.498054
2021-01-03,FKP,0.895313
2021-01-03,GBP,0.895249
2021-01-03,GEL,4.024195
2021-01-03,GGP,0.895313
2021-01-03,GHS,7.226444
2021-01-03,GIP,0.895313
2021-01-03,GMD,63.345875
2021-01-03,GNF,12304.631619
2021-01-03,GTQ,9.596245
2021-01-03,GYD,257.560026
2021-01-03,HKD,9.497651
2021-01-03,HNL,29.682437
2021-01-03,HRK,7.569872
2021-01-03,HTG,89.419393
2021-01-03,HUF,363.591283
2021-01-03,IDR,17409.989324
2021-01-03,ILS,3.933102
2021-01-03,IMP,0.895313
2021-01-03,INR,89.539271
2021-01-03,IQD,1798.607623
2021-01-03,IRR,51579.353803
2021-01-03,ISK,156.56975
2021-01-03,JEP,0.895313
2021-01-03,JMD,176.04465
2021-01-03,JOD,0.868516
2021-01-03,JPY,126.473276
2021-01-03,KES,134.433572
2021-01-03,KGS,102.2819
2021-01-03,KHR,4971.075988
2021-01-03,KMF,493.681548
2021-01-03,KPW,1102.605126
2021-01-03,KRW,1330.038357
2021-01-03,KWD,0.372589
2021-01-03,KYD,1.025887
2021-01-03,KZT,518.830858
2021-01-03,LAK,11442.922285
2021-01-03,LBP,1861.420537
2021-01-03,LKR,228.057614
2021-01-03,LRD,201.239716
2021-01-03,LSL,17.995461
2021-01-03,LTL,3.617157
2021-01-03,LVL,0.741
2021-01-03,LYD,1.646896
2021-01-03,MAD,10.935846
2021-01-03,MDL,21.154904
2021-01-03,MGA,4704.066191
2021-01-03,MKD,61.79495
2021-01-03,MMK,1634.874224
2021-01-03,MNT,3490.100567
2021-01-03,MOP,9.830326
2021-01-03,MRO,437.330967
2021-01-03,MUR,48.638823
2021-01-03,MVR,18.860957
2021-01-03,MWK,948.965428
2021-01-03,MXN,24.316168
2021-01-03,MYR,4.927628
2021-01-03,MZN,91.744087
2021-01-03,NAD,17.995547
2021-01-03,NGN,466.983089
2021-01-03,NIO,42.902935
2021-01-03,NOK,10.478182
2021-01-03,NPR,143.922107
2021-01-03,NZD,1.702045
2021-01-03,OMR,0.471593
2021-01-03,PAB,1.231085
2021-01-03,PEN,4.456477
2021-01-03,PGK,4.377949
2021-01-03,PHP,58.91718
2021-01-03,PKR,197.21901
2021-01-03,PLN,4.562986
2021-01-03,PYG,8515.096329
2021-01-03,QAR,4.460594
2021-01-03,RON,4.872053
2021-01-03,RSD,117.907862
2021-01-03,RUB,90.884953
2021-01-03,RWF,1220.01273
2021-01-03,SAR,4.5959
2021-01-03,SBD,9.802648
2021-01-03,SCR,25.975642
2021-01-03,SDG,67.68178
2021-01-03,SEK,10.041969
2021-01-03,SGD,1.617893
2021-01-03,SHP,0.895313
2021-01-03,SLL,12392.885258
2021-01-03,SOS,714.185106
2021-01-03,SRD,17.338876
2021-01-03,STD,25523.068116
2021-01-03,SVC,10.77237
2021-01-03,SYP,628.246942
2021-01-03,SZL,18.063
2021-01-03,THB,36.715609
2021-01-03,TJS,13.945008
2021-01-03,TMT,4.287561
2021-01-03,TND,3.300813
2021-01-03,TOP,2.785751
2021-01-03,TRY,9.110662
2021-01-03,TTD,8.324341
2021-01-03,TWD,34.385008
2021-01-03,TZS,2840.24798
2021-01-03,UAH,34.88268
2021-01-03,UGX,4500.806543
2021-01-03,USD,1.225017
2021-01-03,UYU,51.902141
2021-01-03,UZS,12897.929328
2021-01-03,VEF,12.234864
2021-01-03,VND,28273.399362
2021-01-03,VUV,133.087986
2021-01-03,WST,3.098965
2021-01-03,XAF,657.872754
2021-01-03,XAG,0.045607
2021-01-03,XAU,0.00064
2021-01-03,XCD,3.31067
2021-01-03,XDR,0.854789
2021-01-03,XOF,657.872754
2021-01-03,XPF,120.113575
2021-01-03,YER,306.746163
2021-01-03,ZAR,17.951529
2021-01-03,ZMK,11026.618015
2021-01-03,ZMW,26.061994
2021-01-03,ZWL,394.455799
2021-01-04,AED,4.50012
2021-01-04,AFN,94.57894
2021-01-04,ALL,122.910377
2021-01-04,AMD,640.23646
2021-01-04,ANG,2.198064
2021-01-04,AOA,801.425911
2021-01-04,ARS,103.68101
2021-01-04,AUD,1.5975
2021-01-04,AWG,2.20522
2021-01-04,AZN,2.086734
2021-01-04,BAM,1.948248
2021-01-04,BBD,2.472498
2021-01-04,BDT,103.848766
2021-01-04,BGN,1.956896
2021-01-04,BHD,0.461973
2021-01-04,BIF,2384.088111
2021-01-04,BMD,1.225122
2021-01-04,BND,1.612989
2021-01-04,BOB,8.43109
2021-01-04,BRL,6.489225
2021-01-04,BSD,1.224545
2021-01-04,BTC,3.8314537e-05
2021-01-04,BTN,89.420345
2021-01-04,BWP,13.174538
2021-01-04,BYN,3.161796
2021-01-04,BYR,24012.398238
2021-01-04,BZD,2.468414
2021-01-04,CAD,1.566135
2021-01-04,CDF,2413.490846
2021-01-04,CHF,1.079688
2021-01-04,CLF,0.031271
2021-01-04,CLP,862.857567
2021-01-04,CNY,7.916246
2021-01-04,COP,4226.059578
2021-01-04,CRC,747.507636
2021-01-04,CUC,1.225122
2021-01-04,CUP,32.465743
2021-01-04,CVE,110.414174
2021-01-04,CZK,26.18834
2021-01-04,DJF,217.728813
2021-01-04,DKK,7.440119
2021-01-04,DOP,71.300266
2021-01-04,DZD,161.954397
2021-01-04,EGP,19.281417
2021-01-04,ERN,18.376772
2021-01-04,ETB,48.018994
2021-01-04,EUR,1
2021-01-04,FJD,2.501824
2021-01-04,FKP,0.902812
2021-01-04,GBP,0.90281
2021-01-04,GEL,4.03091
2021-01-04,GGP,0.902812
2021-01-04,GHS,7.17945
2021-01-04,GIP,0.902812
2021-01-04,GMD,63.400567
2021-01-04,GNF,12275.725968
2021-01-04,GTQ,9.545531
2021-01-04,GYD,255.97178
2021-01-04,HKD,9.498704
2021-01-04,HNL,29.690775
2021-01-04,HRK,7.561698
2021-01-04,HTG,89.112849
2021-01-04,HUF,361.76595
2021-01-04,IDR,17076.613027
2021-01-04,ILS,3.931319
2021-01-04,IMP,0.902812
2021-01-04,INR,89.838299
2021-01-04,IQD,1787.852459
2021-01-04,IRR,51583.776646
2021-01-04,ISK,156.104709
2021-01-04,JEP,0.902812
2021-01-04,JMD,174.441
2021-01-04,JOD,0.868626
2021-01-04,JPY,126.347199
2021-01-04,KES,133.906627
2021-01-04,KGS,101.964483
2021-01-04,KHR,4955.619619
2021-01-04,KMF,492.774768
2021-01-04,KPW,1102.690422
2021-01-04,KRW,1331.334331
2021-01-04,KWD,0.372562
2021-01-04,KYD,1.020429
2021-01-04,KZT,516.081636
2021-01-04,LAK,11393.637591
2021-01-04,LBP,1852.806963
2021-01-04,LKR,228.992661
2021-01-04,LRD,201.408221
2021-01-04,LSL,17.878497
2021-01-04,LTL,3.617468
2021-01-04,LVL,0.741064
2021-01-04,LYD,1.635511
2021-01-04,MAD,10.853974
2021-01-04,MDL,21.001173
2021-01-04,MGA,4771.851046
2021-01-04,MKD,61.618891
2021-01-04,MMK,1626.215181
2021-01-04,MNT,3490.216365
2021-01-04,MOP,9.778148
2021-01-04,MRO,437.368472
2021-01-04,MUR,48.273841
2021-01-04,MVR,18.879493
2021-01-04,MWK,947.019389
2021-01-04,MXN,24.435005
2021-01-04,MYR,4.908457
2021-01-04,MZN,91.774133
2021-01-04,NAD,17.878774
2021-01-04,NGN,466.772154
2021-01-04,NIO,42.855013
2021-01-04,NOK,10.483978
2021-01-04,NPR,143.077046
2021-01-04,NZD,1.70692
2021-01-04,OMR,0.471684
2021-01-04,PAB,1.224535
2021-01-04,PEN,4.465695
2021-01-04,PGK,4.299998
2021-01-04,PHP,58.81836
2021-01-04,PKR,195.798987
2021-01-04,PLN,4.55806
2021-01-04,PYG,8470.107181
2021-01-04,QAR,4.460651
2021-01-04,RON,4.869865
2021-01-04,RSD,117.56228
2021-01-04,RUB,91.284359
2021-01-04,RWF,1191.431494
2021-01-04,SAR,4.595811
2021-01-04,SBD,9.858726
2021-01-04,SCR,25.978308
2021-01-04,SDG,67.747999
2021-01-04,SEK,10.108032
2021-01-04,SGD,1.617885
2021-01-04,SHP,0.902812
2021-01-04,SLL,12410.489074
2021-01-04,SOS,714.856134
2021-01-04,SRD,17.340359
2021-01-04,STD,25525.256938
2021-01-04,SVC,10.714305
2021-01-04,SYP,628.269743
2021-01-04,SZL,17.892739
2021-01-04,THB,36.655622
2021-01-04,TJS,13.871219
2021-01-04,TMT,4.300179
2021-01-04,TND,3.291916
2021-01-04,TOP,2.785377
2021-01-04,TRY,9.098374
2021-01-04,TTD,8.280277
2021-01-04,TWD,34.445488
2021-01-04,TZS,2839.772028
2021-01-04,UAH,34.830539
2021-01-04,UGX,4506.326563
2021-01-04,USD,1.225122
2021-01-04,UYU,51.866581
2021-01-04,UZS,12807.429074
2021-01-04,VEF,12.235912
2021-01-04,VND,28275.824048
2021-01-04,VUV,132.920637
2021-01-04,WST,3.089534
2021-01-04,XAF,653.424823
2021-01-04,XAG,0.045103
2021-01-04,XAU,0.000631
2021-01-04,XCD,3.310954
2021-01-04,XDR,0.850198
2021-01-04,XOF,654.215649
2021-01-04,XPF,119.510243
2021-01-04,YER,306.709905
2021-01-04,ZAR,18.012484
2021-01-04,ZMK,11027.57477
2021-01-04,ZMW,25.927214
2021-01-04,ZWL,394.489627
2021-01-05,AED,4.518002
2021-01-05,AFN,95.016639
2021-01-05,ALL,123.42956
2021-01-05,AMD,642.779994
2021-01-05,ANG,2.210424
2021-01-05,AOA,806.276611
2021-01-05,ARS,104.294014
2021-01-05,AUD,1.584324
2021-01-05,AWG,2.213981
2021-01-05,AZN,2.09298
2021-01-05,BAM,1.960819
2021-01-05,BBD,2.486427
2021-01-05,BDT,104.433823
2021-01-05,BGN,1.95656
2021-01-05,BHD,0.463864
2021-01-05,BIF,2393.559774
2021-01-05,BMD,1.22999
2021-01-05,BND,1.623731
2021-01-05,BOB,8.478573
2021-01-05,BRL,6.501229
2021-01-05,BSD,1.231433
2021-01-05,BTC,3.6224931e-05
2021-01-05,BTN,90.182963
2021-01-05,BWP,13.399995
2021-01-05,BYN,3.181696
2021-01-05,BYR,24107.796289
2021-01-05,BZD,2.482216
2021-01-05,CAD,1.55903
2021-01-05,CDF,2423.079602
2021-01-05,CHF,1.080213
2021-01-05,CLF,0.03102
2021-01-05,CLP,855.951167
2021-01-05,CNY,7.941178
2021-01-05,COP,4236.084205
2021-01-05,CRC,753.7679
2021-01-05,CUC,1.22999
2021-01-05,CUP,32.594725
2021-01-05,CVE,111.129304
2021-01-05,CZK,26.144288
2021-01-05,DJF,218.593877
2021-01-05,DKK,7.439025
2021-01-05,DOP,71.646335
2021-01-05,DZD,162.684756
2021-01-05,EGP,19.310224
2021-01-05,ERN,18.449909
2021-01-05,ETB,48.27749
2021-01-05,EUR,1
2021-01-05,FJD,2.493437
2021-01-05,FKP,0.90252
2021-01-05,GBP,0.902505
2021-01-05,GEL,4.057377
2021-01-05,GGP,0.90252
2021-01-05,GHS,7.220428
2021-01-05,GIP,0.90252
2021-01-05,GMD,63.560504
2021-01-05,GNF,12576.643751
2021-01-05,GTQ,9.599224
2021-01-05,GYD,257.515226
2021-01-05,HKD,9.536112
2021-01-05,HNL,29.83335
2021-01-05,HRK,7.561357
2021-01-05,HTG,88.989426
2021-01-05,HUF,359.100402
2021-01-05,IDR,17150.975074
2021-01-05,ILS,3.940604
2021-01-05,IMP,0.90252
2021-01-05,INR,90.250549
2021-01-05,IQD,1797.62981
2021-01-05,IRR,51788.712406
2021-01-05,ISK,156.09833
2021-01-05,JEP,0.90252
2021-01-05,JMD,174.670434
2021-01-05,JOD,0.872084
2021-01-05,JPY,126.294085
2021-01-05,KES,134.561591
2021-01-05,KGS,102.311888
2021-01-05,KHR,4987.607819
2021-01-05,KMF,493.410887
2021-01-05,KPW,1107.085012
2021-01-05,KRW,1337.552819
2021-01-05,KWD,0.373401
2021-01-05,KYD,1.026211
2021-01-05,KZT,519.110834
2021-01-05,LAK,11438.90357
2021-01-05,LBP,1861.878306
2021-01-05,LKR,232.129935
2021-01-05,LRD,204.209021
2021-01-05,LSL,18.068815
2021-01-05,LTL,3.631839
2021-01-05,LVL,0.744008
2021-01-05,LYD,5.457091
2021-01-05,MAD,10.853414
2021-01-05,MDL,21.21498
2021-01-05,MGA,4723.159856
2021-01-05,MKD,61.628007
2021-01-05,MMK,1626.14078
2021-01-05,MNT,3492.080876
2021-01-05,MOP,9.833721
2021-01-05,MRO,439.106078
2021-01-05,MUR,48.467077
2021-01-05,MVR,18.946001
2021-01-05,MWK,947.092033
2021-01-05,MXN,24.482577
2021-01-05,MYR,4.941484
2021-01-05,MZN,92.127999
2021-01-05,NAD,18.461715
2021-01-05,NGN,469.231881
2021-01-05,NIO,42.963935
2021-01-05,NOK,10.414088
2021-01-05,NPR,144.293142
2021-01-05,NZD,1.695135
2021-01-05,OMR,0.473558
2021-01-05,PAB,1.231433
2021-01-05,PEN,4.463012
2021-01-05,PGK,4.338791
2021-01-05,PHP,59.187448
2021-01-05,PKR,197.388404
2021-01-05,PLN,4.534592
2021-01-05,PYG,8519.577358
2021-01-05,QAR,4.478329
2021-01-05,RON,4.87101
2021-01-05,RSD,117.598961
2021-01-05,RUB,91.228449
2021-01-05,RWF,1193.089918
2021-01-05,SAR,4.614261
2021-01-05,SBD,9.859642
2021-01-05,SCR,26.081869
2021-01-05,SDG,68.020922
2021-01-05,SEK,10.059962
2021-01-05,SGD,1.620401
2021-01-05,SHP,0.90252
2021-01-05,SLL,12445.035157
2021-01-05,SOS,714.624171
2021-01-05,SRD,17.40927
2021-01-05,STD,25626.665374
2021-01-05,SVC,10.775417
2021-01-05,SYP,630.791375
2021-01-05,SZL,18.425414
2021-01-05,THB,36.813767
2021-01-05,TJS,13.949393
2021-01-05,TMT,4.304964
2021-01-05,TND,3.29699
2021-01-05,TOP,2.798347
2021-01-05,TRY,9.091216
2021-01-05,TTD,8.365987
2021-01-05,TWD,34.402671
2021-01-05,TZS,2855.756615
2021-01-05,UAH,34.856673
2021-01-05,UGX,4550.277805
2021-01-05,USD,1.22999
2021-01-05,UYU,52.14568
2021-01-05,UZS,12852.161626
2021-01-05,VEF,12.284527
2021-01-05,VND,28400.460016
2021-01-05,VUV,133.875162
2021-01-05,WST,3.076538
2021-01-05,XAF,657.630286
2021-01-05,XAG,0.044581
2021-01-05,XAU,0.000631
2021-01-05,XCD,3.324108
2021-01-05,XDR,0.849963
2021-01-05,XOF,657.440818
2021-01-05,XPF,119.770263
2021-01-05,YER,308.020168
2021-01-05,ZAR,18.422172
2021-01-05,ZMK,11071.3732
2021-01-05,ZMW,26.091488
2021-01-05,ZWL,396.056882
2021-01-06,AED,4.532558
2021-01-06,AFN,95.322526
2021-01-06,ALL,123.950593
2021-01-06,AMD,644.85179
2021-01-06,ANG,2.213404
2021-01-06,AOA,809.63763
2021-01-06,ARS,104.766605
2021-01-06,AUD,1.578955
2021-01-06,AWG,2.221116
2021-01-06,AZN,2.100904
2021-01-06,BAM,1.954758
2021-01-06,BBD,2.489755
2021-01-06,BDT,104.559324
2021-01-06,BGN,1.957494
2021-01-06,BHD,0.46522
2021-01-06,BIF,2401.273502
2021-01-06,BMD,1.233953
2021-01-06,BND,1.623123
2021-01-06,BOB,8.477421
2021-01-06,BRL,6.557721
2021-01-06,BSD,1.233134
2021-01-06,BTC,3.3471984e-05
2021-01-06,BTN,90.073148
2021-01-06,BWP,13.432345
2021-01-06,BYN,3.174959
2021-01-06,BYR,24185.488506
2021-01-06,BZD,2.485537
2021-01-06,CAD,1.562907
2021-01-06,CDF,2430.888306
2021-01-06,CHF,1.08356
2021-01-06,CLF,0.031147
2021-01-06,CLP,859.439903
2021-01-06,CNY,7.973441
2021-01-06,COP,4213.395907
2021-01-06,CRC,754.082692
2021-01-06,CUC,1.233953
2021-01-06,CUP,32.699768
2021-01-06,CVE,111.364368
2021-01-06,CZK,26.201821
2021-01-06,DJF,219.298646
2021-01-06,DKK,7.439262
2021-01-06,DOP,71.815989
2021-01-06,DZD,163.198623
2021-01-06,EGP,19.371708
2021-01-06,ERN,18.509463
2021-01-06,ETB,48.432458
2021-01-06,EUR,1
2021-01-06,FJD,2.497954
2021-01-06,FKP,0.905554
2021-01-06,GBP,0.905703
2021-01-06,GEL,4.084196
2021-01-06,GGP,0.905554
2021-01-06,GHS,7.249465
2021-01-06,GIP,0.905554
2021-01-06,GMD,63.790766
2021-01-06,GNF,12370.383817
2021-01-06,GTQ,9.611908
2021-01-06,GYD,258.060612
2021-01-06,HKD,9.567027
2021-01-06,HNL,30.82452
2021-01-06,HRK,7.560556
2021-01-06,HTG,89.522645
2021-01-06,HUF,358.844735
2021-01-06,IDR,17223.522886
2021-01-06,ILS,3.932073
2021-01-06,IMP,0.905554
2021-01-06,INR,90.541397
2021-01-06,IQD,1804.656987
2021-01-06,IRR,51955.612223
2021-01-06,ISK,156.107895
2021-01-06,JEP,0.905554
2021-01-06,JMD,175.165387
2021-01-06,JOD,0.874891
2021-01-06,JPY,127.133033
2021-01-06,KES,135.055735
2021-01-06,KGS,102.513527
2021-01-06,KHR,5003.681541
2021-01-06,KMF,493.766517
2021-01-06,KPW,1110.641391
2021-01-06,KRW,1342.479859
2021-01-06,KWD,0.374357
2021-01-06,KYD,1.027545
2021-01-06,KZT,516.896616
2021-01-06,LAK,11475.767253
2021-01-06,LBP,1866.10172
2021-01-06,LKR,232.436352
2021-01-06,LRD,205.391052
2021-01-06,LSL,18.127035
2021-01-06,LTL,3.643544
2021-01-06,LVL,0.746406
2021-01-06,LYD,5.467893
2021-01-06,MAD,10.864949
2021-01-06,MDL,21.208872
2021-01-06,MGA,4710.598683
2021-01-06,MKD,61.67065
2021-01-06,MMK,1624.588199
2021-01-06,MNT,3516.145312
2021-01-06,MOP,9.847581
2021-01-06,MRO,440.521186
2021-01-06,MUR,48.556245
2021-01-06,MVR,19.015298
2021-01-06,MWK,950.143944
2021-01-06,MXN,24.25739
2021-01-06,MYR,4.948771
2021-01-06,MZN,92.424946
2021-01-06,NAD,18.571245
2021-01-06,NGN,470.808361
2021-01-06,NIO,43.126785
2021-01-06,NOK,10.365702
2021-01-06,NPR,144.117157
2021-01-06,NZD,1.689221
2021-01-06,OMR,0.475103
2021-01-06,PAB,1.233034
2021-01-06,PEN,4.476786
2021-01-06,PGK,4.337414
2021-01-06,PHP,59.366026
2021-01-06,PKR,197.927984
2021-01-06,PLN,4.527915
2021-01-06,PYG,8482.218434
2021-01-06,QAR,4.492819
2021-01-06,RON,4.871402
2021-01-06,RSD,117.589621
2021-01-06,RUB,91.468649
2021-01-06,RWF,1206.189542
2021-01-06,SAR,4.629338
2021-01-06,SBD,9.912712
2021-01-06,SCR,26.167467
2021-01-06,SDG,68.206751
2021-01-06,SEK,10.068817
2021-01-06,SGD,1.625728
2021-01-06,SHP,0.905554
2021-01-06,SLL,12478.971434
2021-01-06,SOS,719.395166
2021-01-06,SRD,17.465359
2021-01-06,STD,25709.252452
2021-01-06,SVC,10.789172
2021-01-06,SYP,632.824227
2021-01-06,SZL,18.571439
2021-01-06,THB,36.932283
2021-01-06,TJS,13.967642
2021-01-06,TMT,4.331177
2021-01-06,TND,3.307616
2021-01-06,TOP,2.795277
2021-01-06,TRY,9.012377
2021-01-06,TTD,8.377075
2021-01-06,TWD,34.347074
2021-01-06,TZS,2861.53785
2021-01-06,UAH,34.858089
2021-01-06,UGX,4556.275908
2021-01-06,USD,1.233953
2021-01-06,UYU,52.00491
2021-01-06,UZS,12930.598237
2021-01-06,VEF,12.324114
2021-01-06,VND,28495.071088
2021-01-06,VUV,132.858823
2021-01-06,WST,3.079611
2021-01-06,XAF,655.602884
2021-01-06,XAG,0.045223
2021-01-06,XAU,0.000641
2021-01-06,XCD,3.334821
2021-01-06,XDR,0.85154
2021-01-06,XOF,659.549145
2021-01-06,XPF,120.156179
2021-01-06,YER,309.019525
2021-01-06,ZAR,18.578145
2021-01-06,ZMK,11107.055105
2021-01-06,ZMW,26.11958
2021-01-06,ZWL,397.333254
2021-01-07,AED,4.506842
2021-01-07,AFN,94.71544
2021-01-07,ALL,123.615328
2021-01-07,AMD,641.193254
2021-01-07,ANG,2.202906
2021-01-07,AOA,797.445111
2021-01-07,ARS,104.217614
2021-01-07,AUD,1.579313
2021-01-07,AWG,2.208515
2021-01-07,AZN,2.084657
2021-01-07,BAM,1.958324
2021-01-07,BBD,2.477956
2021-01-07,BDT,104.065396
2021-01-07,BGN,1.956333
2021-01-07,BHD,0.462746
2021-01-07,BIF,2386.423127
2021-01-07,BMD,1.226953
2021-01-07,BND,1.626285
2021-01-07,BOB,8.449562
2021-01-07,BRL,6.638177
2021-01-07,BSD,1.227263
2021-01-07,BTC,3.115199e-05
2021-01-07,BTN,89.712967
2021-01-07,BWP,13.516115
2021-01-07,BYN,3.159925
2021-01-07,BYR,24048.274182
2021-01-07,BZD,2.473751
2021-01-07,CAD,1.556347
2021-01-07,CDF,2418.323496
2021-01-07,CHF,1.086099
2021-01-07,CLF,0.031695
2021-01-07,CLP,874.55761
2021-01-07,CNY,7.948444
2021-01-07,COP,4282.052878
2021-01-07,CRC,750.515929
2021-01-07,CUC,1.226953
2021-01-07,CUP,32.514248
2021-01-07,CVE,110.88009
2021-01-07,CZK,26.22231
2021-01-07,DJF,218.054169
2021-01-07,DKK,7.439387
2021-01-07,DOP,71.52512
2021-01-07,DZD,162.246234
2021-01-07,EGP,19.265858
2021-01-07,ERN,18.404079
2021-01-07,ETB,48.221319
2021-01-07,EUR,1
2021-01-07,FJD,2.490836
2021-01-07,FKP,0.904233
2021-01-07,GBP,0.90427
2021-01-07,GEL,4.060898
2021-01-07,GGP,0.904233
2021-01-07,GHS,7.196086
2021-01-07,GIP,0.904233
2021-01-07,GMD,63.445756
2021-01-07,GNF,12338.236928
2021-01-07,GTQ,9.563381
2021-01-07,GYD,256.837132
2021-01-07,HKD,9.512871
2021-01-07,HNL,29.766179
2021-01-07,HRK,7.567231
2021-01-07,HTG,89.998631
2021-01-07,HUF,359.447861
2021-01-07,IDR,17061.028168
2021-01-07,ILS,3.905059
2021-01-07,IMP,0.904233
2021-01-07,INR,90.123979
2021-01-07,IQD,1793.191465
2021-01-07,IRR,51660.846441
2021-01-07,ISK,155.307266
2021-01-07,JEP,0.904233
2021-01-07,JMD,175.273817
2021-01-07,JOD,0.869931
2021-01-07,JPY,127.351602
2021-01-07,KES,134.413084
2021-01-07,KGS,101.93192
2021-01-07,KHR,4975.293599
2021-01-07,KMF,492.804825
2021-01-07,KPW,1104.330716
2021-01-07,KRW,1342.372503
2021-01-07,KWD,0.372233
2021-01-07,KYD,1.022694
2021-01-07,KZT,514.445247
2021-01-07,LAK,11410.660432
2021-01-07,LBP,1858.731425
2021-01-07,LKR,230.724553
2021-01-07,LRD,204.747709
2021-01-07,LSL,18.465974
2021-01-07,LTL,3.622873
2021-01-07,LVL,0.742171
2021-01-07,LYD,5.447846
2021-01-07,MAD,10.811943
2021-01-07,MDL,21.074342
2021-01-07,MGA,4625.61187
2021-01-07,MKD,61.624682
2021-01-07,MMK,1629.185565
2021-01-07,MNT,3481.534804
2021-01-07,MOP,9.800062
2021-01-07,MRO,438.021926
2021-01-07,MUR,48.354413
2021-01-07,MVR,18.893495
2021-01-07,MWK,950.888568
2021-01-07,MXN,24.55758
2021-01-07,MYR,4.957037
2021-01-07,MZN,91.929458
2021-01-07,NAD,18.465422
2021-01-07,NGN,467.710025
2021-01-07,NIO,42.956072
2021-01-07,NOK,10.34284
2021-01-07,NPR,143.541999
2021-01-07,NZD,1.68895
2021-01-07,OMR,0.47239
2021-01-07,PAB,1.227263
2021-01-07,PEN,4.447089
2021-01-07,PGK,4.318795
2021-01-07,PHP,59.176075
2021-01-07,PKR,196.562814
2021-01-07,PLN,4.518683
2021-01-07,PYG,8397.927959
2021-01-07,QAR,4.467642
2021-01-07,RON,4.857749
2021-01-07,RSD,117.572773
2021-01-07,RUB,91.56761
2021-01-07,RWF,1196.278945
2021-01-07,SAR,4.603386
2021-01-07,SBD,9.897355
2021-01-07,SCR,26.022604
2021-01-07,SDG,67.851886
2021-01-07,SEK,10.048584
2021-01-07,SGD,1.624878
2021-01-07,SHP,0.904233
2021-01-07,SLL,12411.854438
2021-01-07,SOS,717.768012
2021-01-07,SRD,17.366319
2021-01-07,STD,25563.393181
2021-01-07,SVC,10.738678
2021-01-07,SYP,629.210758
2021-01-07,SZL,18.466356
2021-01-07,THB,36.906797
2021-01-07,TJS,13.901606
2021-01-07,TMT,4.306604
2021-01-07,TND,3.302345
2021-01-07,TOP,2.77377
2021-01-07,TRY,8.999391
2021-01-07,TTD,8.338621
2021-01-07,TWD,34.283266
2021-01-07,TZS,2845.984404
2021-01-07,UAH,34.696893
2021-01-07,UGX,4534.675797
2021-01-07,USD,1.226953
2021-01-07,UYU,51.967768
2021-01-07,UZS,12832.699093
2021-01-07,VEF,12.254192
2021-01-07,VND,28316.842849
2021-01-07,VUV,132.496216
2021-01-07,WST,3.071316
2021-01-07,XAF,656.798915
2021-01-07,XAG,0.045139
2021-01-07,XAU,0.00064
2021-01-07,XCD,3.315901
2021-01-07,XDR,0.845984
2021-01-07,XOF,653.965762
2021-01-07,XPF,119.842572
2021-01-07,YER,307.167334
2021-01-07,ZAR,18.951761
2021-01-07,ZMK,11044.044027
2021-01-07,ZMW,26.005423
2021-01-07,ZWL,395.079018
2021-01-08,AED,4.490292
2021-01-08,AFN,94.381864
2021-01-08,ALL,123.844106
2021-01-08,AMD,639.111161
2021-01-08,ANG,2.194386
2021-01-08,AOA,799.209734
2021-01-08,ARS,104.014183
2021-01-08,AUD,1.574119
2021-01-08,AWG,2.2005
2021-01-08,AZN,2.083103
2021-01-08,BAM,1.951727
2021-01-08,BBD,2.468311
2021-01-08,BDT,103.61167
2021-01-08,BGN,1.956568
2021-01-08,BHD,0.46087
2021-01-08,BIF,2389.9871
2021-01-08,BMD,1.2225
2021-01-08,BND,1.61897
2021-01-08,BOB,8.416904
2021-01-08,BRL,6.623554
2021-01-08,BSD,1.22253
2021-01-08,BTC,3.0086346e-05
2021-01-08,BTN,89.562936
2021-01-08,BWP,13.44154
2021-01-08,BYN,3.135109
2021-01-08,BYR,23960.99599
2021-01-08,BZD,2.464219
2021-01-08,CAD,1.553033
2021-01-08,CDF,2408.325039
2021-01-08,CHF,1.082551
2021-01-08,CLF,0.031549
2021-01-08,CLP,870.546887
2021-01-08,CNY,7.91618
2021-01-08,COP,4240.72954
2021-01-08,CRC,750.492152
2021-01-08,CUC,1.2225
2021-01-08,CUP,32.396245
2021-01-08,CVE,110.640995
2021-01-08,CZK,26.17965
2021-01-08,DJF,217.263145
2021-01-08,DKK,7.439951
2021-01-08,DOP,71.241225
2021-01-08,DZD,161.595973
2021-01-08,EGP,19.183997
2021-01-08,ERN,18.337935
2021-01-08,ETB,48.048981
2021-01-08,EUR,1
2021-01-08,FJD,2.500061
2021-01-08,FKP,0.901478
2021-01-08,GBP,0.901285
2021-01-08,GEL,4.046952
2021-01-08,GGP,0.901478
2021-01-08,GHS,7.164326
2021-01-08,GIP,0.901478
2021-01-08,GMD,63.20795
2021-01-08,GNF,12530.623338
2021-01-08,GTQ,9.526372
2021-01-08,GYD,255.911966
2021-01-08,HKD,9.48979
2021-01-08,HNL,29.646095
2021-01-08,HRK,7.574491
2021-01-08,HTG,89.379088
2021-01-08,HUF,359.598789
2021-01-08,IDR,17282.418483
2021-01-08,ILS,3.891132
2021-01-08,IMP,0.901478
2021-01-08,INR,89.706306
2021-01-08,IQD,1787.905951
2021-01-08,IRR,51473.354318
2021-01-08,ISK,156.749396
2021-01-08,JEP,0.901478
2021-01-08,JMD,174.522226
2021-01-08,JOD,0.866391
2021-01-08,JPY,127.052575
2021-01-08,KES,133.925323
2021-01-08,KGS,101.561987
2021-01-08,KHR,4957.237099
2021-01-08,KMF,491.938559
2021-01-08,KPW,1100.26919
2021-01-08,KRW,1336.20497
2021-01-08,KWD,0.371127
2021-01-08,KYD,1.018758
2021-01-08,KZT,512.702086
2021-01-08,LAK,11375.361023
2021-01-08,LBP,1868.145789
2021-01-08,LKR,229.827148
2021-01-08,LRD,204.219058
2021-01-08,LSL,18.716938
2021-01-08,LTL,3.609725
2021-01-08,LVL,0.739478
2021-01-08,LYD,5.428365
2021-01-08,MAD,10.807363
2021-01-08,MDL,20.923809
2021-01-08,MGA,4636.942148
2021-01-08,MKD,61.485731
2021-01-08,MMK,1622.848645
2021-01-08,MNT,3490.840132
2021-01-08,MOP,9.763414
2021-01-08,MRO,436.432217
2021-01-08,MUR,48.139992
2021-01-08,MVR,18.851409
2021-01-08,MWK,947.437763
2021-01-08,MXN,24.45507
2021-01-08,MYR,4.929735
2021-01-08,MZN,91.595845
2021-01-08,NAD,18.716933
2021-01-08,NGN,468.833228
2021-01-08,NIO,42.818103
2021-01-08,NOK,10.288815
2021-01-08,NPR,143.300378
2021-01-08,NZD,1.690803
2021-01-08,OMR,0.47039
2021-01-08,PAB,1.22253
2021-01-08,PEN,4.427941
2021-01-08,PGK,4.297134
2021-01-08,PHP,58.74899
2021-01-08,PKR,195.90605
2021-01-08,PLN,4.51193
2021-01-08,PYG,8383.836519
2021-01-08,QAR,4.451169
2021-01-08,RON,4.8724
2021-01-08,RSD,117.647315
2021-01-08,RUB,90.567191
2021-01-08,RWF,1191.937301
2021-01-08,SAR,4.58675
2021-01-08,SBD,9.82971
2021-01-08,SCR,25.923478
2021-01-08,SDG,67.543569
2021-01-08,SEK,10.077726
2021-01-08,SGD,1.620351
2021-01-08,SHP,0.901478
2021-01-08,SLL,12475.610826
2021-01-08,SOS,712.717795
2021-01-08,SRD,17.303309
2021-01-08,STD,25470.616182
2021-01-08,SVC,10.697509
2021-01-08,SYP,626.924816
2021-01-08,SZL,18.716924
2021-01-08,THB,36.834371
2021-01-08,TJS,13.847886
2021-01-08,TMT,4.278749
2021-01-08,TND,3.291585
2021-01-08,TOP,2.768046
2021-01-08,TRY,9.005427
2021-01-08,TTD,8.308532
2021-01-08,TWD,34.252045
2021-01-08,TZS,2834.9897
2021-01-08,UAH,34.562735
2021-01-08,UGX,4524.487639
2021-01-08,USD,1.2225
2021-01-08,UYU,51.692475
2021-01-08,UZS,12787.348269
2021-01-08,VEF,12.209721
2021-01-08,VND,28200.014031
2021-01-08,VUV,131.483148
2021-01-08,WST,3.090194
2021-01-08,XAF,654.570112
2021-01-08,XAG,0.048067
2021-01-08,XAU,0.000662
2021-01-08,XCD,3.303867
2021-01-08,XDR,0.845808
2021-01-08,XOF,654.037797
2021-01-08,XPF,119.86655
2021-01-08,YER,306.118347
2021-01-08,ZAR,18.703819
2021-01-08,ZMK,11003.969551
2021-01-08,ZMW,25.944654
2021-01-08,ZWL,393.645161
2021-01-09,AED,4.490491
2021-01-09,AFN,94.429984
2021-01-09,ALL,123.759979
2021-01-09,AMD,639.111161
2021-01-09,ANG,2.199
2021-01-09,AOA,799.209734
2021-01-09,ARS,104.045583
2021-01-09,AUD,1.575386
2021-01-09,AWG,2.2005
2021-01-09,AZN,2.083103
2021-01-09,BAM,1.95583
2021-01-09,BBD,2.4735
2021-01-09,BDT,103.831183
2021-01-09,BGN,1.954706
2021-01-09,BHD,0.4619
2021-01-09,BIF,2377.639602
2021-01-09,BMD,1.2225
2021-01-09,BND,1.6224
2021-01-09,BOB,8.434599
2021-01-09,BRL,6.620399
2021-01-09,BSD,1.2251
2021-01-09,BTC,3.0493561e-05
2021-01-09,BTN,89.752685
2021-01-09,BWP,13.469798
2021-01-09,BYN,3.141699
2021-01-09,BYR,23960.99599
2021-01-09,BZD,2.4694
2021-01-09,CAD,1.55241
2021-01-09,CDF,2408.325039
2021-01-09,CHF,1.082591
2021-01-09,CLF,0.031668
2021-01-09,CLP,873.821354
2021-01-09,CNY,7.91618
2021-01-09,COP,4275.499285
2021-01-09,CRC,752.069874
2021-01-09,CUC,1.2225
2021-01-09,CUP,32.396245
2021-01-09,CVE,110.264982
2021-01-09,CZK,26.173905
2021-01-09,DJF,218.089964
2021-01-09,DKK,7.439682
2021-01-09,DOP,71.335988
2021-01-09,DZD,161.595973
2021-01-09,EGP,19.233697
2021-01-09,ERN,18.337935
2021-01-09,ETB,48.275492
2021-01-09,EUR,1
2021-01-09,FJD,2.462298
2021-01-09,FKP,0.901003
2021-01-09,GBP,0.901183
2021-01-09,GEL,4.046952
2021-01-09,GGP,0.901003
2021-01-09,GHS,7.178899
2021-01-09,GIP,0.901003
2021-01-09,GMD,63.20795
2021-01-09,GNF,12575.397896
2021-01-09,GTQ,9.546398
2021-01-09,GYD,256.449957
2021-01-09,HKD,9.488934
2021-01-09,HNL,29.521995
2021-01-09,HRK,7.574491
2021-01-09,HTG,89.566985
2021-01-09,HUF,359.611014
2021-01-09,IDR,17280.462483
2021-01-09,ILS,3.891132
2021-01-09,IMP,0.901003
2021-01-09,INR,89.705084
2021-01-09,IQD,1788.609701
2021-01-09,IRR,51473.354318
2021-01-09,ISK,156.749396
2021-01-09,JEP,0.901003
2021-01-09,JMD,174.891971
2021-01-09,JOD,0.866391
2021-01-09,JPY,127.076457
2021-01-09,KES,134.206978
2021-01-09,KGS,101.561987
2021-01-09,KHR,4978.699167
2021-01-09,KMF,491.938559
2021-01-09,KPW,1100.249828
2021-01-09,KRW,1336.20497
2021-01-09,KWD,0.371127
2021-01-09,KYD,1.0209
2021-01-09,KZT,513.779914
2021-01-09,LAK,11388.298094
2021-01-09,LBP,1852.29969
2021-01-09,LKR,230.314061
2021-01-09,LRD,204.219058
2021-01-09,LSL,18.716938
2021-01-09,LTL,3.609725
2021-01-09,LVL,0.739478
2021-01-09,LYD,5.429399
2021-01-09,MAD,10.806598
2021-01-09,MDL,20.967796
2021-01-09,MGA,4672.439218
2021-01-09,MKD,61.61499
2021-01-09,MMK,1626.286828
2021-01-09,MNT,3490.576124
2021-01-09,MOP,9.784098
2021-01-09,MRO,436.432217
2021-01-09,MUR,48.267992
2021-01-09,MVR,18.851409
2021-01-09,MWK,944.783842
2021-01-09,MXN,24.461427
2021-01-09,MYR,4.929735
2021-01-09,MZN,91.595845
2021-01-09,NAD,18.716933
2021-01-09,NGN,484.519919
2021-01-09,NIO,42.693993
2021-01-09,NOK,10.277263
2021-01-09,NPR,143.603976
2021-01-09,NZD,1.687487
2021-01-09,OMR,0.470626
2021-01-09,PAB,1.2251
2021-01-09,PEN,4.437199
2021-01-09,PGK,4.310799
2021-01-09,PHP,58.74899
2021-01-09,PKR,196.318267
2021-01-09,PLN,4.513164
2021-01-09,PYG,8401.598594
2021-01-09,QAR,4.451169
2021-01-09,RON,4.8724
2021-01-09,RSD,117.647315
2021-01-09,RUB,90.567191
2021-01-09,RWF,1214.329797
2021-01-09,SAR,4.586537
2021-01-09,SBD,9.82971
2021-01-09,SCR,26.524996
2021-01-09,SDG,67.543569
2021-01-09,SEK,10.078399
2021-01-09,SGD,1.620937
2021-01-09,SHP,0.901003
2021-01-09,SLL,12475.610826
2021-01-09,SOS,712.717795
2021-01-09,SRD,17.303309
2021-01-09,STD,25470.616182
2021-01-09,SVC,10.719998
2021-01-09,SYP,626.924816
2021-01-09,SZL,18.652397
2021-01-09,THB,36.834371
2021-01-09,TJS,13.876998
2021-01-09,TMT,4.278749
2021-01-09,TND,3.291585
2021-01-09,TOP,2.768046
2021-01-09,TRY,9.017408
2021-01-09,TTD,8.325999
2021-01-09,TWD,34.252045
2021-01-09,TZS,2840.949525
2021-01-09,UAH,34.635394
2021-01-09,UGX,4533.999241
2021-01-09,USD,1.2225
2021-01-09,UYU,51.801991
2021-01-09,UZS,12814.287856
2021-01-09,VEF,12.209721
2021-01-09,VND,28258.995271
2021-01-09,VUV,131.421287
2021-01-09,WST,3.094905
2021-01-09,XAF,655.95689
2021-01-09,XAG,0.048067
2021-01-09,XAU,0.000662
2021-01-09,XCD,3.303867
2021-01-09,XDR,0.8476
2021-01-09,XOF,655.95689
2021-01-09,XPF,119.86655
2021-01-09,YER,306.118347
2021-01-09,ZAR,18.708458
2021-01-09,ZMK,11003.969551
2021-01-09,ZMW,25.999196
2021-01-09,ZWL,393.645161
2021-01-10,AED,4.475766
2021-01-10,AFN,94.126321
2021-01-10,ALL,123.361999
2021-01-10,AMD,637.055509
2021-01-10,ANG,2.191928
2021-01-10,AOA,796.639557
2021-01-10,ARS,104.065118
2021-01-10,AUD,1.579277
2021-01-10,AWG,2.193423
2021-01-10,AZN,2.074535
2021-01-10,BAM,1.94954
2021-01-10,BBD,2.465545
2021-01-10,BDT,103.497288
2021-01-10,BGN,1.94842
2021-01-10,BHD,0.460415
2021-01-10,BIF,2369.993719
2021-01-10,BMD,1.218569
2021-01-10,BND,1.617183
2021-01-10,BOB,8.407475
2021-01-10,BRL,6.599109
2021-01-10,BSD,1.22116
2021-01-10,BTC,3.1866594e-05
2021-01-10,BTN,89.464063
2021-01-10,BWP,13.426482
2021-01-10,BYN,3.131597
2021-01-10,BYR,23883.943532
2021-01-10,BZD,2.461459
2021-01-10,CAD,1.55147
2021-01-10,CDF,2400.580031
2021-01-10,CHF,1.081717
2021-01-10,CLF,0.031566
2021-01-10,CLP,871.011367
2021-01-10,CNY,7.890719
2021-01-10,COP,4261.750368
2021-01-10,CRC,749.651409
2021-01-10,CUC,1.218569
2021-01-10,CUP,32.292067
2021-01-10,CVE,109.910397
2021-01-10,CZK,26.161476
2021-01-10,DJF,217.388642
2021-01-10,DKK,7.436717
2021-01-10,DOP,71.10659
2021-01-10,DZD,161.076321
2021-01-10,EGP,19.234782
2021-01-10,ERN,18.278533
2021-01-10,ETB,48.12025
2021-01-10,EUR,1
2021-01-10,FJD,2.45438
2021-01-10,FKP,0.901576
2021-01-10,GBP,0.901623
2021-01-10,GEL,4.033197
2021-01-10,GGP,0.901576
2021-01-10,GHS,7.155813
2021-01-10,GIP,0.901576
2021-01-10,GMD,63.002055
2021-01-10,GNF,12534.95862
2021-01-10,GTQ,9.5157
2021-01-10,GYD,255.625279
2021-01-10,HKD,9.449542
2021-01-10,HNL,29.42706
2021-01-10,HRK,7.55013
2021-01-10,HTG,89.27896
2021-01-10,HUF,359.682403
2021-01-10,IDR,17120.317434
2021-01-10,ILS,3.878241
2021-01-10,IMP,0.901576
2021-01-10,INR,89.416603
2021-01-10,IQD,1782.857988
2021-01-10,IRR,51307.829
2021-01-10,ISK,156.244873
2021-01-10,JEP,0.901576
2021-01-10,JMD,174.329563
2021-01-10,JOD,0.863596
2021-01-10,JPY,126.845657
2021-01-10,KES,133.775402
2021-01-10,KGS,101.235382
2021-01-10,KHR,4962.688939
2021-01-10,KMF,490.365175
2021-01-10,KPW,1096.788621
2021-01-10,KRW,1331.907658
2021-01-10,KWD,0.369933
2021-01-10,KYD,1.017617
2021-01-10,KZT,512.127729
2021-01-10,LAK,11351.676229
2021-01-10,LBP,1846.343166
2021-01-10,LKR,229.57343
2021-01-10,LRD,203.56214
2021-01-10,LSL,18.656501
2021-01-10,LTL,3.598116
2021-01-10,LVL,0.7371
2021-01-10,LYD,5.41194
2021-01-10,MAD,10.771847
2021-01-10,MDL,20.900369
2021-01-10,MGA,4657.413844
2021-01-10,MKD,61.416852
2021-01-10,MMK,1621.057104
2021-01-10,MNT,3478.489409
2021-01-10,MOP,9.752635
2021-01-10,MRO,435.028762
2021-01-10,MUR,48.112774
2021-01-10,MVR,18.790689
2021-01-10,MWK,941.745658
2021-01-10,MXN,24.435943
2021-01-10,MYR,4.91388
2021-01-10,MZN,91.301251
2021-01-10,NAD,18.656147
2021-01-10,NGN,482.961826
2021-01-10,NIO,42.5567
2021-01-10,NOK,10.321501
2021-01-10,NPR,143.142182
2021-01-10,NZD,1.692829
2021-01-10,OMR,0.469112
2021-01-10,PAB,1.22116
2021-01-10,PEN,4.42293
2021-01-10,PGK,4.296937
2021-01-10,PHP,58.560068
2021-01-10,PKR,195.686958
2021-01-10,PLN,4.51142
2021-01-10,PYG,8374.581193
2021-01-10,QAR,4.436844
2021-01-10,RON,4.841714
2021-01-10,RSD,117.268905
2021-01-10,RUB,90.68575
2021-01-10,RWF,1210.424822
2021-01-10,SAR,4.571765
2021-01-10,SBD,9.7981
2021-01-10,SCR,26.439698
2021-01-10,SDG,67.326327
2021-01-10,SEK,10.066837
2021-01-10,SGD,1.619136
2021-01-10,SHP,0.901576
2021-01-10,SLL,12435.491896
2021-01-10,SOS,710.425016
2021-01-10,SRD,17.247585
2021-01-10,STD,25388.709169
2021-01-10,SVC,10.685525
2021-01-10,SYP,624.877614
2021-01-10,SZL,18.592416
2021-01-10,THB,36.730123
2021-01-10,TJS,13.832373
2021-01-10,TMT,4.26499
2021-01-10,TND,3.280997
2021-01-10,TOP,2.759144
2021-01-10,TRY,8.972759
2021-01-10,TTD,8.299224
2021-01-10,TWD,34.141884
2021-01-10,TZS,2831.813755
2021-01-10,UAH,34.524016
2021-01-10,UGX,4519.419055
2021-01-10,USD,1.218569
2021-01-10,UYU,51.635409
2021-01-10,UZS,12773.08037
2021-01-10,VEF,12.170449
2021-01-10,VND,28168.121542
2021-01-10,VUV,131.781057
2021-01-10,WST,3.059797
2021-01-10,XAF,653.8475
2021-01-10,XAG,0.048756
2021-01-10,XAU,0.00066
2021-01-10,XCD,3.293242
2021-01-10,XDR,0.844874
2021-01-10,XOF,653.8475
2021-01-10,XPF,119.480973
2021-01-10,YER,305.127544
2021-01-10,ZAR,18.654695
2021-01-10,ZMK,10968.590066
2021-01-10,ZMW,25.915589
2021-01-10,ZWL,392.379298
